CrimeDescription,Category
LARCENY,3
BURGLARY,5
ROBBERY,6
SHOPLIFTING,2
PURSE SNATCHING,4
BIKE - STOLEN,3
VEHICLE - STOLEN,4
MOTOR VEHICLE THEFT,4
THEFT,3
PETTY THEFT,2
GRAND THEFT,5
TILL TAP - PETTY ($950 & UNDER),3
TILL TAP - GRAND THEFT ($950.01 & OVER),5
ATTEMPTED ROBBERY,5
BURGLARY FROM VEHICLE,4
"BURGLARY FROM VEHICLE, ATTEMPTED",3
"BURGLARY, ATTEMPTED",5
"BUNCO, GRAND THEFT",5
"BUNCO, PETTY THEFT",3
DISHONEST EMPLOYEE - GRAND THEFT,5
DISHONEST EMPLOYEE - PETTY THEFT,2
THEFT FROM MOTOR VEHICLE - ATTEMPT,2
THEFT FROM MOTOR VEHICLE - GRAND ($950.01 AND OVER),5
THEFT FROM MOTOR VEHICLE - PETTY ($950 & UNDER),3
THEFT FROM VEHICLE,3
THEFT OF BICYCLE,3
THEFT OF VEHICLE,4
THEFT PLAIN - ATTEMPT,2
THEFT PLAIN - PETTY ($950 & UNDER),2
"THEFT, COIN MACHINE - ATTEMPT",2
"THEFT, COIN MACHINE - GRAND ($950.01 & OVER)",4
"THEFT, COIN MACHINE - PETTY ($950 & UNDER)",3
"THEFT, PERSON",4
ASSAULT,7
BATTERY,7
SEXUAL ASSAULT,8
DOMESTIC VIOLENCE,8
INTIMATE PARTNER - SIMPLE ASSAULT,7
INTIMATE PARTNER - AGGRAVATED ASSAULT,8
CHILD ABUSE (PHYSICAL) - AGGRAVATED ASSAULT,9
CHILD ABUSE (PHYSICAL) - SIMPLE ASSAULT,8
"ASSAULT WITH DEADLY WEAPON, AGGRAVATED ASSAULT",9
ASSAULT OFFENSES,7
BATTERY - SIMPLE ASSAULT,7
BATTERY ON A FIREFIGHTER,7
BATTERY POLICE (SIMPLE),8
BATTERY WITH SEXUAL CONTACT,8
HOMICIDE,10
MURDER,10
HUMAN TRAFFICKING,9
HUMAN TRAFFICKING OFFENSES,9
KIDNAPPING,9
KIDNAPPING/ABDUCTION,9
"MANSLAUGHTER, NEGLIGENT",8
ARSON,7
CRIMINAL HOMICIDE,10
CRM AGNST CHLD (13 OR UNDER) (14-15 & SUSP 10 YRS OLDER),9
HUMAN TRAFFICKING - COMMERCIAL SEX ACTS,9
HUMAN TRAFFICKING - INVOLUNTARY SERVITUDE,9
TRESPASSING,2
VANDALISM,3
DOCUMENT FORGERY / STOLEN FELONY,5
BREAK AND ENTER COMMERCIAL,6
BREAK AND ENTER RESIDENTIAL/OTHER,7
COUNTERFEITING/FORGERY,5
CRIMINAL DAMAGE,5
MISCHIEF,2
"DRUGS, TO A MINOR",7
DRUG/NARCOTIC OFFENSES,4
NARCOTICS,4
OTHER NARCOTIC VIOLATION,4
DISORDERLY CONDUCT,2
DISTURBING THE PEACE,2
PUBLIC INTOXICATION,1
LOITERING,1
ILLEGAL DUMPING,1
INCITING A RIOT,7
PROWLER,3
WEAPONS VIOLATION,5
WEAPON LAW VIOLATIONS,5
BRANDISH WEAPON,6
DISCHARGE FIREARMS/SHOTS FIRED,8
FIREARMS EMERGENCY PROTECTIVE ORDER (FIREARMS EPO),4
FIREARMS RESTRAINING ORDER (FIREARMS RO),4
FRAUD,5
EMBEZZLEMENT,5
FORGERY,5
IDENTITY THEFT,5
"DEFRAUDING INNKEEPER/THEFT OF SERVICES, $950 & UNDER",3
"DEFRAUDING INNKEEPER/THEFT OF SERVICES, OVER $950.01",5
OTHER OFFENSE,3
OTHER MISCELLANEOUS CRIME,3
ANIMAL CRUELTY,5
ANIMAL CRUELTY OFFENSES,6
"BEASTIALITY, CRIME AGAINST NATURE SEXUAL ASSLT WITH ANIM",9
FALSE REPORT,2
INDECENT EXPOSURE,3
GAMBLING OFFENSES,1
PORNOGRAPHY/OBSCENE MATERIAL,2
FALSE IMPRISONMENT,8
INCEST (SEXUAL ACTS BETWEEN BLOOD RELATIVES),8
LEWD/LASCIVIOUS ACTS WITH CHILD,9
ASSAULT WITH DEADLY WEAPON ON POLICE OFFICER,9
BIGAMY,1
BIKE - ATTEMPTED STOLEN,2
BLOCKING DOOR INDUCTION CENTER,2
BOAT - STOLEN,4
BOMB SCARE,9
BRIBERY,5
"BUNCO, ATTEMPT",4
CHILD ABANDONMENT,7
CHILD ANNOYING (17YRS & UNDER),4
CHILD NEGLECT (SEE 300 W.I.C.),6
CHILD PORNOGRAPHY,9
CHILD STEALING,9
CONCEALED CARRY LICENSE VIOLATION,4
CONSPIRACY,3
CONTEMPT OF COURT,2
CONTRIBUTING,3
COUNTERFEIT,5
"CREDIT CARDS, FRAUD USE ($950 & UNDER)",4
"CREDIT CARDS, FRAUD USE ($950.01 & OVER)",6
CRIM SEXUAL ASSAULT,9
CRIMINAL SEXUAL ASSAULT,9
CRIMINAL THREATS - NO WEAPON DISPLAYED,6
CRIMINAL TRESPASS,3
CRUELTY TO ANIMALS,6
DECEPTIVE PRACTICE,4
DISHONEST EMPLOYEE ATTEMPTED THEFT,3
DISRUPT SCHOOL,2
DOCUMENT WORTHLESS ($200 & UNDER),2
DOCUMENT WORTHLESS ($200.01 & OVER),3
DRIVING WITHOUT OWNER CONSENT (DWOC),4
DRUNK ROLL,3
"EMBEZZLEMENT, GRAND THEFT ($950.01 & OVER)",6
"EMBEZZLEMENT, PETTY THEFT ($950 & UNDER)",4
"CREDIT CARDS, FRAUD USE ($950 & UNDER",4
EXTORTION,7
EXTORTION/BLACKMAIL,7
FAILURE TO DISPERSE,2
FAILURE TO YIELD,1
FALSE POLICE REPORT,2
FRAUD OFFENSES,5
GAMBLING,1
GRAND THEFT / AUTO REPAIR,5
GRAND THEFT / INSURANCE FRAUD,6
HOMICIDE OFFENSES,10
INTERFERENCE WITH PUBLIC OFFICER,3
INTIMIDATION,5
KIDNAPPING - GRAND ATTEMPT,9
LARCENY OFFENSES,4
"LETTERS, LEWD  -  TELEPHONE CALLS, LEWD",2
LEWD CONDUCT,3
LIQUOR LAW VIOLATION,1
LYNCHING,9
LYNCHING - ATTEMPTED,8
NAN,1
NON - CRIMINAL,0
NON-CRIMINAL,0
NON-CRIMINAL (SUBJECT SPECIFIED),0
OBSCENITY,1
OFFENCE AGAINST A PERSON,7
OFFENSE INVOLVING CHILDREN,5
ORAL COPULATION,7
OTHER ASSAULT,6
OTHER THEFT,3
PANDERING,3
PEEPING TOM,2
PETTY THEFT - AUTO REPAIR,3
PICKPOCKET,3
"PICKPOCKET, ATTEMPT",2
PIMPING,4
PROSTITUTION,2
PROSTITUTION OFFENSES,2
PUBLIC INDECENCY,2
PUBLIC PEACE VIOLATION,2
PURSE SNATCHING - ATTEMPT,3
"RAPE, ATTEMPTED",8
"RAPE, FORCIBLE",9
RECKLESS DRIVING,3
"REPLICA FIREARMS(SALE,DISPLAY,MANUFACTURE OR DISTRIBUTE)",5
RESISTING ARREST,3
RITUALISM,2
SEX OFFENDER REGISTRANT OUT OF COMPLIANCE,3
SEX OFFENSE,7
SEX OFFENSES,8
"SEX,UNLAWFUL(INC MUTUAL CONSENT, PENETRATION W/ FRGN OBJ",8
SEXUAL PENETRATION W/FOREIGN OBJECT,8
SHOPLIFTING - ATTEMPT,2
SHOPLIFTING - PETTY THEFT ($950 & UNDER),2
SHOPLIFTING-GRAND THEFT ($950.01 & OVER),4
SHOTS FIRED AT INHABITED DWELLING,8
"SHOTS FIRED AT MOVING VEHICLE, TRAIN OR AIRCRAFT",9
SODOMY/SEXUAL CONTACT B/W PENIS OF ONE PERS TO ANUS OTH,7
STALKING,5
STOLEN PROPERTY OFFENSES,4
TELEPHONE PROPERTY - DAMAGE,2
THEFT FROM PERSON - ATTEMPT,3
THEFT OF IDENTITY,5
"THEFT-GRAND ($950.01 & OVER)EXCPT,GUNS,FOWL,LIVESTK,PROD",5
THREATENING PHONE CALLS/LETTERS,5
THROWING OBJECT AT MOVING VEHICLE,8
TRAIN WRECKING,10
UNAUTHORIZED COMPUTER ACCESS,4
"VANDALISM - FELONY ($400 & OVER, ALL CHURCH VANDALISMS)",4
VANDALISM - MISDEAMEANOR ($399 OR UNDER),2
VEHICLE - ATTEMPT STOLEN,3
VEHICLE COLLISION OR PEDESTRIAN STRUCK (WITH FATALITY),9
VEHICLE COLLISION OR PEDESTRIAN STRUCK (WITH INJURY),7
"VEHICLE, STOLEN - OTHER (MOTORIZED SCOOTERS, BIKES, ETC)",3
VIOLATION OF COURT ORDER,2
VIOLATION OF RESTRAINING ORDER,3
VIOLATION OF TEMPORARY RESTRAINING ORDER,3
WEAPONS POSSESSION/BOMBING,9
BATTERY AGGRAVATED DOMESTIC BATTERY: KNIFE / CUTTING INSTSTRUMENT,8
ROBBERY ARMED - HANDGUN,6
NARCOTICS POSS: HEROIN(BLACK TAR),5
BATTERY AGG PO HANDS NO/MIN INJURY,7
"ASSAULT AGGRAVATED POLICE OFFICER - HANDS, FISTS, FEET, NO INJURY",8
OTHER OFFENSE FALSE/STOLEN/ALTERED TRP,3
ASSAULT AGG PRO.EMP: OTHER DANG WEAPON,8
DECEPTIVE PRACTICE FRAUD OR CONFIDENCE GAME,4
PROSTITUTION SOLICIT ON PUBLIC WAY,2
INTIMIDATION COMPELLING ORG MEMBERSHIP,5
PROSTITUTION JUVENILE PIMPING,3
DOMESTIC VIOLENCE DOMESTIC VIOLENCE,7
ASSAULT AGGRAVATED - KNIFE / CUTTING INSTRUMENT,8
BATTERY OF AN UNBORN CHILD,9
NARCOTICS MANUFACTURE / DELIVER - AMPHETAMINES,7
CONCEALED CARRY LICENSE VIOLATION OTHER,4
ASSAULT OFFENSES AGGRAVATED ASSAULT,8
NARCOTICS SALE/DEL DRUG PARAPHERNALIA,5
CRIMINAL SEXUAL ASSAULT AGGRAVATED - HANDGUN,9
FRAUD OFFENSES WELFARE FRAUD,4
HUMAN TRAFFICKING INVOLUNTARY SERVITUDE,9
"BATTERY AGGRAVATED P.O. - HANDS, FISTS, FEET, NO / MINOR INJURY",8
OTHER OFFENSE VIOLATION OF SUMMARY CLOSURE,3
KIDNAPPING/ABDUCTION KIDNAPPING/ABDUCTION,9
OFFENSE INVOLVING CHILDREN OTHER OFFENSE,6
CRIM SEXUAL ASSAULT ATTEMPT AGG: HANDGUN,9
CRIMINAL TRESPASS TO AIRPORT,3
OTHER OFFENSE ARSONIST: FAIL TO REGISTER NEW ADDRESS,3
BATTERY AGGRAVATED DOMESTIC BATTERY: HANDGUN,8
OTHER OFFENSE FIREARM REGISTRATION VIOLATION,4
BATTERY AGGRAVATED PO: OTHER DANG WEAP,7
NARCOTICS POSS: METHAMPHETAMINES,5
OTHER OFFENSE PAROLE VIOLATION,4
BRIBERY BRIBERY,5
BATTERY AGG: HANDS/FIST/FEET SERIOUS INJURY,8
CRIMINAL DAMAGE TO STATE SUPPORTED PROPERTY,4
"MOTOR VEHICLE THEFT THEFT/RECOVERY: CYCLE, SCOOTER, BIKE W-VIN",4
CRIMINAL DAMAGE TO FIRE FIGHT.APP.EQUIP,4
"DECEPTIVE PRACTICE THEFT BY LESSEE,MOTOR VEH",4
THEFT FROM BUILDING,4
CRIM SEXUAL ASSAULT ATTEMPT AGG: KNIFE/CUT INSTR,9
NARCOTICS POSSESSION OF DRUG EQUIPMENT,5
RITUALISM AGG RITUAL MUT:KNIFE/CUTTING I,7
ASSAULT AGGRAVATED: OTHER FIREARM,8
NARCOTICS POSS: COCAINE,5
BURGLARY ATTEMPT FORCIBLE ENTRY,5
OTHER OFFENSE ARSONIST - FAIL TO REGISTER NEW ADDRESS,3
GAMBLING WIREROOM/SPORTS,2
NARCOTICS DEL CONT SUBS TO PERSON <18,7
DECEPTIVE PRACTICE ATTEMPT - FINANCIAL IDENTITY THEFT,4
NARCOTICS POSSESSION - SYNTHETIC MARIJUANA,5
BATTERY AGG PRO.EMP:KNIFE/CUTTING INST,8
OTHER OFFENSE HARASSMENT BY TELEPHONE,3
CRIM SEXUAL ASSAULT ATTEMPT NON-AGGRAVATED,8
NARCOTICS CALCULATED CANNABIS CONSPIRACY,6
KIDNAPPING KIDNAPPING,9
"BATTERY PROTECTED EMPLOYEE - HANDS, FISTS, FEET, NO / MINOR INJURY",7
DECEPTIVE PRACTICE PAY TV SERVICE OFFENSES,3
WEAPONS VIOLATION UNLAWFUL SALE - DELIVERY OF FIREARM AT SCHOOL,8
GAMBLING LOTTERY/PARI-MUTUEL,2
THEFT FINANCIAL ID THEFT:$300 &UNDER,4
SEX OFFENSE CRIMINAL TRANSMISSION OF HIV,8
WEAPONS VIOLATION UNLAWFUL POSS AMMUNITION,6
BATTERY AGGRAVATED - HANDGUN,8
"MOTOR VEHICLE THEFT CYCLE, SCOOTER, BIKE NO VIN",4
NARCOTICS MANUFACTURE / DELIVER - PCP,7
ASSAULT AGGRAVATED PROTECTED EMPLOYEE - OTHER FIREARM,8
INTIMIDATION INTIMIDATION OF LAW ENFORCEMENT OFFICIAL,6
HUMAN TRAFFICKING OFFENSES COMMERCIAL SEX ACTS,8
NARCOTICS CANNABIS PLANT,5
NARCOTICS MANU/DELIVER:AMPHETAMINES,7
DECEPTIVE PRACTICE UNLAWFUL USE OF RECORDED SOUND,4
NARCOTICS FAIL REGISTER LIC:CONT SUBS,4
OFFENSE INVOLVING CHILDREN CONTRIBUTE DELINQUENCY OF A CHILD,5
ASSAULT AGG PO HANDS NO/MIN INJURY,7
OFFENSE INVOLVING CHILDREN SEXUAL ASSAULT OF CHILD BY FAMILY MEMBER,9
BATTERY AGGRAVATED - OTHER FIREARM,8
HUMAN TRAFFICKING OFFENSES INVOLUNTARY SERVITUDE,9
CRIM SEXUAL ASSAULT AGGRAVATED: OTHER,8
CRIMINAL DAMAGE TO PROPERTY,4
BATTERY AGGRAVATED - KNIFE / CUTTING INSTRUMENT,8
NARCOTICS MANUFACTURE / DELIVER - COCAINE,7
BATTERY AGGRAVATED DOMESTIC BATTERY: OTHER DANG WEAPON,8
NON-CRIMINAL (SUBJECT SPECIFIED) NOTIFICATION OF CIVIL NO CONTACT ORDER,0
GAMBLING LOTTERY/PARLAY CARDS,2
"MOTOR VEHICLE THEFT CYCLE, SCOOTER, BIKE W-VIN",4
NARCOTICS MANUFACTURE / DELIVER - METHAMPHETAMINE,7
ASSAULT AGG PRO.EMP:KNIFE/CUTTING INST,8
WEAPONS VIOLATION UNLAWFUL USE HANDGUN,7
DRUG/NARCOTIC OFFENSES DRUG/NARCOTIC VIOLATIONS,5
SEX OFFENSE MARRYING A BIGAMIST,3
OTHER OFFENSE GUN OFFENDER: DUTY TO REPORT CHANGE OF INFORMATION,4
ASSAULT AGGRAVATED POLICE OFFICER - OTHER FIREARM,8
OTHER OFFENSE ARSONIST - ANNUAL REGISTRATION,3
ASSAULT AGGRAVATED - OTHER FIREARM,7
OTHER OFFENSE VIOLATION GPS MONITORING DEVICE,3
FRAUD OFFENSES IDENTITY THEFT,4
CRIMINAL SEXUAL ASSAULT ATTEMPT AGGRAVATED - OTHER,8
ROBBERY ATTEMPT: ARMED-OTHER DANG WEAP,6
INTERFERENCE WITH PUBLIC OFFICER BRIBERY,5
"DECEPTIVE PRACTICE THEFT BY LESSEE,NON-VEH",3
NON-CRIMINAL CONCEALED CARRY LICENSE REVOCATION,0
NARCOTICS POSSESS - HEROIN (TAN / BROWN TAR),5
NARCOTICS MANUFACTURE / DELIVER - HALLUCINOGEN,6
NARCOTICS ATTEMPT POSSESSION NARCOTICS,5
NARCOTICS POSSESS - SYNTHETIC DRUGS,5
HOMICIDE OFFENSES NEGLIGENT MANSLAUGHTER WITH A VEHICLE,8
OTHER NARCOTIC VIOLATION INTOXICATING COMPOUNDS,5
FRAUD OFFENSES FALSE PRETENSES/SWINDLE/CONFIDENCE GAME,4
INTERFERENCE WITH PUBLIC OFFICER CONTRABAND IN PRISON,6
WEAPONS VIOLATION UNLAWFUL POSS OF HANDGUN,7
PUBLIC PEACE VIOLATION LOOTING,7
STALKING CYBERSTALKING,5
PROSTITUTION KEEP PLACE OF JUV PROSTITUTION,4
SEX OFFENSE ATTEMPT AGGRAVATED CRIMINAL SEXUAL ABUSE,7
BATTERY AGGRAVATED DOMESTIC BATTERY: OTHER FIREARM,8
HOMICIDE INVOLUNTARY MANSLAUGHTER,8
OTHER OFFENSE VIOLATION OF SMOKING BAN,1
GAMBLING LOTTERY/OTHER,2
BATTERY AGG PRO.EMP: OTHER FIREARM,8
DECEPTIVE PRACTICE DECEPTIVE COLLECTION PRACTICES,4
DECEPTIVE PRACTICE INSURANCE FRAUD,4
NARCOTICS POSS: HEROIN(WHITE),5
CRIMINAL TRESPASS TO VEHICLE,3
"MOTOR VEHICLE THEFT ATTEMPT - CYCLE, SCOOTER, BIKE NO VIN",4
THEFT THEFT RETAIL,3
ASSAULT PRO EMP HANDS NO/MIN INJURY,7
ASSAULT AGG PRO.EMP: HANDGUN,8
SEX OFFENSE ADULTRY,1
BATTERY AGGRAVATED - OTHER DANGEROUS WEAPON,7
PUBLIC PEACE VIOLATION OTHER VIOLATION,2
OTHER OFFENSE UNLAWFUL USE OF BODY ARMOR,4
PROSTITUTION PATRONIZE JUVENILE PROSTITUTE,4
NARCOTICS POSSESS - HEROIN (BLACK TAR),5
DECEPTIVE PRACTICE ILLEGAL USE CASH CARD,4
BURGLARY BURGLARY,5
ASSAULT AGGRAVATED POLICE OFFICER - OTHER DANGEROUS WEAPON,8
OTHER OFFENSE OTHER CRIME INVOLVING PROPERTY,3
LARCENY OFFENSES SHOPLIFTING,2
BATTERY AGGRAVATED: KNIFE / CUTTING INSTRUMENT,8
OBSCENITY SALE/DIST OBSCENE MAT TO MINOR,3
ROBBERY ATTEMPT ARMED - KNIFE / CUTTING INSTRUMENT,6
EMBEZZLEMENT EMBEZZLEMENT,5
DECEPTIVE PRACTICE BOGUS CHECK,3
SEX OFFENSE ATT AGG CRIMINAL SEXUAL ABUSE,7
BATTERY AGGRAVATED DOMESTIC BATTERY - KNIFE / CUTTING INSTRUMENT,8
FRAUD OFFENSES WIRE FRAUD,4
BATTERY PROTECTED EMPLOYEE: HANDS NO / MIN INJURY,7
NARCOTICS FOUND SUSPECT NARCOTICS,5
SEX OFFENSES FONDLING,8
NARCOTICS MANU/DELIVER: HEROIN(BRN/TAN),6
THEFT ATTEMPT THEFT,3
NON - CRIMINAL FOID - REVOCATION,0
"BATTERY AGGRAVATED - HANDS, FISTS, FEET, NO / MINOR INJURY",7
CONCEALED CARRY LICENSE VIOLATION ARMED WHILE UNDER THE INFLUENCE,5
NARCOTICS MANU/DELIVER:BARBITUATES,6
PROSTITUTION CALL OPERATION,2
OFFENSE INVOLVING CHILDREN ENDANGERING LIFE/HEALTH CHILD,6
BATTERY AGGRAVATED PO: OTHER FIREARM,8
NARCOTICS POSSESS - HALLUCINOGENS,5
NARCOTICS DELIVER CANNABIS TO PERSON <18,6
RITUALISM AGG RIT MUT: HANDS/FIST/FEET SERIOUS INJURY,8
BATTERY AGGRAVATED: OTHER DANG WEAPON,7
BATTERY AGG PRO.EMP: OTHER DANG WEAPON,7
BATTERY PRO EMP HANDS NO/MIN INJURY,7
INTERFERENCE WITH PUBLIC OFFICER RESIST/OBSTRUCT/DISARM OFFICER,4
PUBLIC PEACE VIOLATION PEEPING TOM,2
BATTERY AGGRAVATED DOMESTIC BATTERY - OTHER DANGEROUS WEAPON,8
ARSON POSSESSION - EXPLOSIVE / INCENDIARY DEVICE,7
NARCOTICS POSSESS - COCAINE,5
PROSTITUTION OFFENSES PROSTITUTION,2
SEX OFFENSE AGG CRIMINAL SEXUAL ABUSE,8
DECEPTIVE PRACTICE ILLEGAL POSSESSION CASH CARD,4
GAMBLING BOOKMAKING/SPORTS,2
BATTERY AGG: HANDS/FIST/FEET NO/MINOR INJURY,7
OTHER OFFENSE DISCLOSE DV VICTIM LOCATION,3
SEX OFFENSES SODOMY,8
OTHER OFFENSE ANIMAL ABUSE / NEGLECT,4
OTHER OFFENSE GUN OFFENDER: ANNUAL REGISTRATION,4
DECEPTIVE PRACTICE THEFT OF LABOR/SERVICES,3
CRIMINAL SEXUAL ASSAULT ATTEMPT NON-AGGRAVATED,8
WEAPONS VIOLATION UNLAWFUL POSSESSION - AMMUNITION,6
BATTERY AGGRAVATED DOMESTIC BATTERY,8
NARCOTICS MANU/DELIVER:CRACK,7
SEX OFFENSE NON-CONSENSUAL DISSEMINATION PRIVATE SEXUAL IMAGES,6
WEAPONS VIOLATION POSS FIREARM/AMMO:NO FOID CARD,5
ASSAULT OFFENSES SIMPLE ASSAULT,4
NARCOTICS MANUFACTURE / DELIVER - SYNTHETIC MARIJUANA,6
NARCOTICS MANUFACTURE / DELIVER -  HEROIN (WHITE),7
BATTERY AGGRAVATED OF A UNBORN CHILD,8
OFFENSE INVOLVING CHILDREN AGG SEX ASSLT OF CHILD FAM MBR,9
MOTOR VEHICLE THEFT MOTOR VEHICLE THEFT,4
NARCOTICS POSS: PCP,5
"MOTOR VEHICLE THEFT ATTEMPT - CYCLE, SCOOTER, BIKE WITH VIN",3
WEAPONS VIOLATION UNLAWFUL SALE HANDGUN,7
ROBBERY STRONGARM: NO WEAPON,5
WEAPONS VIOLATION POSSESS FIREARM / AMMUNITION - NO FOID CARD,6
ROBBERY ATTEMPT: STRONGARM-NO WEAPON,4
NARCOTICS POS: HYPODERMIC NEEDLE,4
CRIM SEXUAL ASSAULT AGGRAVATED: KNIFE/CUT INSTR,9
NARCOTICS ALTER/FORGE PRESCRIPTION,5
DECEPTIVE PRACTICE FINANCIAL EXPLOITATION OF AN ELDERLY OR DISABLED PERSON,6
ASSAULT AGGRAVATED PO: OTHER DANG WEAP,7
RITUALISM AGG RITUAL MUT:HANDGUN,8
NARCOTICS MANUFACTURE / DELIVER - HEROIN (TAN / BROWN TAR),6
BURGLARY HOME INVASION,9
PUBLIC PEACE VIOLATION FALSE POLICE REPORT,3
DECEPTIVE PRACTICE UNLAWFUL USE OF A COMPUTER,5
CRIMINAL DAMAGE LIBRARY VANDALISM,2
THEFT $300 AND UNDER,3
BATTERY AGG PO HANDS ETC SERIOUS INJ,8
OTHER OFFENSE ABUSE / NEGLECT - CARE FACILITY,7
CRIMINAL DAMAGE INSTITUTIONAL VANDALISM,3
OFFENSE INVOLVING CHILDREN SALE TOBACCO PRODUCTS TO MINOR,2
NARCOTICS POSS: LOOK-ALIKE DRUGS,4
GAMBLING GAME/CARDS,2
NARCOTICS MANU/DELIVER: METHAMPHETAMINES,7
CRIM SEXUAL ASSAULT AGGRAVATED: OTHER FIREARM,9
"MOTOR VEHICLE THEFT CYCLE, SCOOTER, BIKE WITH VIN",4
SEX OFFENSE ATT AGG CRIM SEXUAL ABUSE,8
OFFENSE INVOLVING CHILDREN AGG CRIM SEX ABUSE FAM MEMBER,9
DECEPTIVE PRACTICE COMPUTER FRAUD,5
NARCOTICS MANUFACTURE / DELIVER - CRACK,7
PROSTITUTION PANDERING,3
GAMBLING GAME/AMUSEMENT DEVICE,2
ASSAULT SIMPLE,3
GAMBLING REGISTER FED GAMBLING STAMP,2
OFFENSE INVOLVING CHILDREN HARBOR RUNAWAY,4
THEFT ATTEMPT FINANCIAL IDENTITY THEFT,5
THEFT DELIVERY CONTAINER THEFT,4
BATTERY AGGRAVATED DOMESTIC BATTERY: HANDS/FIST/FEET SERIOUS INJURY,8
"BATTERY AGG. DOMESTIC BATTERY - HANDS, FISTS, FEET, SERIOUS INJURY",8
LIQUOR LAW VIOLATION ILLEGAL POSSESSION BY MINOR,2
BATTERY AGGRAVATED: OTHER FIREARM,8
KIDNAPPING FORCIBLE DETENTION,9
INTIMIDATION INTIMIDATION,5
NARCOTICS POSSESS - AMPHETAMINES,5
BATTERY AGGRAVATED:KNIFE/CUTTING INSTR,8
OTHER OFFENSE SEX OFFENDER: FAIL REG NEW ADD,7
OTHER OFFENSE HAZARDOUS MATERIALS VIOLATION,4
"BATTERY AGGRAVATED - HANDS, FISTS, FEET, SERIOUS INJURY",8
WEAPONS VIOLATION UNLAWFUL SALE OTHER FIREARM,6
MOTOR VEHICLE THEFT THEFT/RECOVERY: AUTOMOBILE,4
HOMICIDE OFFENSES NEGLIGENT MANSLAUGHTER,9
MOTOR VEHICLE THEFT ATT: AUTOMOBILE,4
SEX OFFENSE SEXUAL RELATIONS IN FAMILY,9
ROBBERY ARMED:KNIFE/CUTTING INSTRUMENT,6
WEAPONS VIOLATION UNLAWFUL POSSESSION - HANDGUN,7
PUBLIC PEACE VIOLATION RECKLESS CONDUCT,4
PROSTITUTION KEEP PLACE OF PROSTITUTION,2
ASSAULT AGGRAVATED PROTECTED EMPLOYEE - KNIFE / CUTTING INSTRUMENT,7
THEFT FROM COIN-OP MACHINE/DEVICE,4
PROSTITUTION SOLICITING FOR BUSINESS,2
THEFT PURSE-SNATCHING,4
ROBBERY AGGRAVATED VEHICULAR HIJACKING,8
"MOTOR VEHICLE THEFT TRUCK, BUS, MOTOR HOME",5
NARCOTICS MANU/DELIVER: HALLUCINOGEN,6
HOMICIDE RECKLESS HOMICIDE,9
OTHER OFFENSE VEHICLE TITLE / REGISTRATION OFFENSE,3
INTIMIDATION COMPELLING CONFESSION,6
BATTERY AGGRAVATED DOMESTIC BATTERY - OTHER FIREARM,8
LARCENY OFFENSES THEFT FROM COIN-OPERATED MACHINE OR DEVICE,4
OFFENSE INVOLVING CHILDREN CRIM SEX ABUSE BY FAM MEMBER,8
WEAPONS VIOLATION REGISTER OF SALES BY DEALER,5
ROBBERY ARMED: HANDGUN,6
PUBLIC INDECENCY LICENSED PREMISE,2
"MOTOR VEHICLE THEFT THEFT / RECOVERY - TRUCK, BUS, MOBILE HOME",5
OFFENSE INVOLVING CHILDREN SEX ASSLT OF CHILD BY FAM MBR,9
PROSTITUTION SOLICIT OFF PUBLIC WAY,3
DECEPTIVE PRACTICE THEFT OF LOST / MISLAID PROPERTY,4
INTERFERENCE WITH PUBLIC OFFICER OFFICIAL MISCONDUCT,5
"ASSAULT PROTECTED EMPLOYEE - HANDS, FISTS, FEET, NO / MINOR INJURY",6
CRIMINAL DAMAGE TO STATE SUP PROP,3
DECEPTIVE PRACTICE FINANCIAL IDENTITY THEFT OVER $ 300,5
OTHER OFFENSE SEX OFFENDER: PROHIBITED ZONE,4
OTHER OFFENSE VIOLATION OF CIVIL NO CONTACT ORDER,3
ASSAULT AGGRAVATED PO:KNIFE/CUT INSTR,7
INTERFERENCE WITH PUBLIC OFFICER RESIST / OBSTRUCT / DISARM OFFICER,5
NARCOTICS SALE / DELIVER - DRUG PARAPHERNALIA,4
ARSON BY EXPLOSIVE,9
"MOTOR VEHICLE THEFT THEFT / RECOVERY - CYCLE, SCOOTER, BIKE WITH VIN",4
ARSON POS: EXPLOSIVE/INCENDIARY DEV,9
ARSON ARSON,7
OTHER OFFENSE ARSONIST: ANNUAL REGISTRATION,5
OTHER OFFENSE VEHICLE TITLE/REG OFFENSE,3
ASSAULT AGGRAVATED:KNIFE/CUTTING INSTR,7
PUBLIC PEACE VIOLATION TIRE DEFLATION DEVICE DEPLOYMENT,4
BATTERY AGGRAVATED DOMESTIC BATTERY: OTHER DANGEROUS WEAPON,8
NARCOTICS POSSESS - LOOK-ALIKE DRUGS,3
GAMBLING POLICY/OTHER,2
OTHER OFFENSE BOARD PLANE WITH WEAPON,8
OFFENSE INVOLVING CHILDREN ENDANGERING LIFE / HEALTH OF CHILD,6
CRIMINAL TRESPASS TO RESIDENCE,3
DECEPTIVE PRACTICE THEFT OF LABOR / SERVICES,4
DECEPTIVE PRACTICE AGGRAVATED FINANCIAL IDENTITY THEFT,6
COUNTERFEITING/FORGERY COUNTERFEITING/FORGERY,4
CRIM SEXUAL ASSAULT AGGRAVATED: OTHER DANG WEAPON,9
OFFENSE INVOLVING CHILDREN AGGRAVATED CRIMINAL SEXUAL ABUSE BY FAMILY MEMBER,9
OTHER OFFENSE VIOLENT OFFENDER: DUTY TO REGISTER,7
NARCOTICS MANU/DELIVER:COCAINE,7
CRIMINAL DAMAGE TO VEHICLE,3
ASSAULT AGGRAVATED - OTHER DANGEROUS WEAPON,7
GAMBLING SPORTS TAMPERING,3
OTHER OFFENSE OTHER ARSON/EXPLOSIVE INCIDENT,8
OFFENSE INVOLVING CHILDREN POSSESSION OF PORNOGRAPHIC PRINT,6
ROBBERY ATTEMPT AGGRAVATED,6
OTHER OFFENSE VIOLENT OFFENDER - DUTY TO REGISTER,7
OTHER OFFENSE GUN OFFENDER - DUTY TO REGISTER,6
SEX OFFENSE CRIMINAL SEXUAL ABUSE,7
CRIM SEXUAL ASSAULT ATTEMPT AGG: OTHER DANG WEAPON,9
OTHER OFFENSE OTHER VEHICLE OFFENSE,3
OTHER OFFENSE FALSE / STOLEN / ALTERED TRP,4
MOTOR VEHICLE THEFT THEFT / RECOVERY - AUTOMOBILE,4
ASSAULT AGGRAVATED PO: HANDGUN,7
OTHER OFFENSE ANIMAL ABUSE/NEGLECT,5
STALKING SIMPLE,4
ROBBERY ATTEMPT ARMED - OTHER DANGEROUS WEAPON,6
WEAPONS VIOLATION UNLAWFUL USE - OTHER DANGEROUS WEAPON,5
OTHER OFFENSE PROBATION VIOLATION,3
CRIMINAL DAMAGE CRIMINAL DEFACEMENT,3
"BATTERY AGGRAVATED P.O. - HANDS, FISTS, FEET, SERIOUS INJURY",7
LIQUOR LAW VIOLATION EMPLOY MINOR,3
PUBLIC PEACE VIOLATION MOB ACTION,4
ROBBERY ARMED: OTHER DANGEROUS WEAPON,6
WEAPONS VIOLATION UNLAWFUL SALE/DELIVERY OF FIREARM AT SCHOOL,8
GAMBLING BOOKMAKING/HORSES,2
OTHER OFFENSE OTHER CRIME AGAINST PERSON,6
FRAUD OFFENSES CREDIT CARD/ATM FRAUD,4
OTHER OFFENSE VIOLATION OF BAIL BOND - DOMESTIC VIOLENCE,6
GAMBLING BOLITA OR BOLI PUL/OFFICE,2
SEX OFFENSE SEX RELATION IN FAMILY,9
NARCOTICS SALE/DEL HYPODERMIC NEEDLE,4
WEAPONS VIOLATION UNLAWFUL POSS OTHER FIREARM,5
ROBBERY ARMED - OTHER FIREARM,6
CRIMINAL SEXUAL ASSAULT AGGRAVATED: KNIFE / CUTTING INSTRUMENT,9
ASSAULT AGGRAVATED PROTECTED EMPLOYEE - HANDGUN,8
NARCOTICS POSS: HALLUCINOGENS,5
CRIMINAL SEXUAL ASSAULT AGGRAVATED - OTHER FIREARM,9
LIQUOR LAW VIOLATION LIQUOR LICENSE VIOLATION,3
BATTERY AGG PRO.EMP: HANDGUN,7
PROSTITUTION SOLICIT FOR BUSINESS,2
NARCOTICS ATTEMPT POSSESSION CANNABIS,3
OTHER OFFENSE LICENSE VIOLATION,3
ASSAULT AGGRAVATED PO: OTHER FIREARM,7
NARCOTICS MANUFACTURE / DELIVER - CANNABIS 10 GRAMS OR LESS,3
BATTERY AGGRAVATED DOMESTIC BATTERY: KNIFE/CUTTING INST,8
"MOTOR VEHICLE THEFT ATTEMPT: CYCLE, SCOOTER, BIKE W-VIN",3
BATTERY AGGRAVATED POLICE OFFICER - KNIFE / CUTTING INSTRUMENT,8
GAMBLING WIREROOM/HORSES,2
CRIMINAL SEXUAL ASSAULT NON-AGGRAVATED,7
ROBBERY ARMED: OTHER FIREARM,6
DECEPTIVE PRACTICE LIBRARY THEFT,3
GAMBLING BOLITA OR BOLI PUL/WRITER,2
OFFENSE INVOLVING CHILDREN SALE OF TOBACCO PRODUCTS TO MINOR,2
CRIM SEXUAL ASSAULT ATTEMPT AGG: OTHER,9
CRIMINAL TRESPASS TO LAND,2
GAMBLING GAME/DICE,2
BATTERY AGGRAVATED POLICE OFFICER - HANDGUN,8
OTHER OFFENSE OTHER WEAPONS VIOLATION,4
ROBBERY STRONG ARM - NO WEAPON,5
THEFT FINANCIAL ID THEFT: OVER $300,5
SEX OFFENSE INDECENT SOLICITATION OF A CHILD,7
BURGLARY FORCIBLE ENTRY,5
NARCOTICS MANUFACTURE / DELIVER - SYNTHETIC DRUGS,6
CRIMINAL SEXUAL ASSAULT ATTEMPT AGGRAVATED - OTHER FIREARM,9
DECEPTIVE PRACTICE ALTER COINS,3
NARCOTICS POSS: BARBITUATES,5
GAMBLING VIOL CHARITABLE GAME ACT,2
INTERFERENCE WITH PUBLIC OFFICER OBSTRUCTING IDENTIFICATION,4
ASSAULT OFFENSES INTIMIDATION,5
SEX OFFENSES RAPE,9
BATTERY AGGRAVATED POLICE OFFICER - OTHER DANGEROUS WEAPON,8
WEAPONS VIOLATION UNLAWFUL SALE - HANDGUN,6
ARSON BY FIRE,7
"DECEPTIVE PRACTICE THEFT BY LESSEE, MOTOR VEHICLE",4
OFFENSE INVOLVING CHILDREN AGGRAVATED SEXUAL ASSAULT OF CHILD BY FAMILY MEMBER,9
OTHER OFFENSE OBSCENE TELEPHONE CALLS,3
NARCOTICS POSS: CANNABIS 30GMS OR LESS,3
CRIM SEXUAL ASSAULT NON-AGGRAVATED,7
NARCOTICS POSS: CRACK,5
CRIM SEXUAL ASSAULT ATTEMPT AGG: OTHER FIREARM,9
WEAPONS VIOLATION UNLAWFUL POSSESSION - OTHER FIREARM,5
BATTERY AGGRAVATED POLICE OFFICER - OTHER FIREARM,7
WEAPONS VIOLATION UNLAWFUL USE OTHER FIREARM,6
ARSON AGGRAVATED,9
"MOTOR VEHICLE THEFT THEFT/RECOVERY: CYCLE, SCOOTER, BIKE NO VIN",4
PROSTITUTION PIMPING,3
LARCENY OFFENSES ALL OTHER LARCENY,3
WEAPONS VIOLATION USE OF METAL PIERCING BULLETS,7
LIQUOR LAW VIOLATION SELL / GIVE / DELIVER LIQUOR TO MINOR,3
OFFENSE INVOLVING CHILDREN CONTRIBUTE TO THE DELINQUENCY OF CHILD,4
OTHER OFFENSE GUN OFFENDER - DUTY TO REPORT CHANGE OF INFORMATION,6
NARCOTICS POSS: HEROIN(BRN/TAN),6
BATTERY SIMPLE,2
DECEPTIVE PRACTICE COUNTERFEIT CHECK,3
DECEPTIVE PRACTICE FINAN EXPLOIT-ELDERLY/DISABLED,5
ASSAULT AGGRAVATED - HANDGUN,7
ROBBERY ATTEMPT ARMED: HANDGUN,6
WEAPONS VIOLATION DEFACE IDENT MARKS OF FIREARM,6
NON-CRIMINAL FOID - REVOCATION,2
NARCOTICS CRIMINAL DRUG CONSPIRACY,5
SEX OFFENSE OTHER,4
CRIM SEXUAL ASSAULT PREDATORY,9
ASSAULT AGGRAVATED: OTHER DANG WEAPON,7
ARSON ATTEMPT ARSON,8
PUBLIC PEACE VIOLATION ARMED VIOLENCE,6
DECEPTIVE PRACTICE COUNTERFEITING DOCUMENT,4
CRIMINAL TRESPASS TO STATE SUP LAND,3
OTHER OFFENSE MONEY LAUNDERING,5
PROSTITUTION PATRONIZING A PROSTITUTE,2
NARCOTICS MANU/POSS. W/INTENT TO DELIVER: SYNTHETIC MARIJUANA,5
FRAUD OFFENSES IMPERSONATION,3
OTHER OFFENSE VIOLENT OFFENDER: FAIL TO REGISTER NEW ADDRESS,6
"MOTOR VEHICLE THEFT THEFT / RECOVERY - CYCLE, SCOOTER, BIKE NO VIN",4
PORNOGRAPHY/OBSCENE MATERIAL PORNOGRAPHY/OBSCENE MATERIAL,7
HOMICIDE OFFENSES MURDER AND NON-NEGLIGENT MANSLAUGHTER,10
ROBBERY VEHICULAR HIJACKING,7
DECEPTIVE PRACTICE POSS. KEYS OR DEV.TO COIN MACH,3
KIDNAPPING UNLAWFUL RESTRAINT,8
WEAPONS VIOLATION UNLAWFUL USE / SALE OF AIR RIFLE,4
WEAPONS VIOLATION UNLAWFUL USE - HANDGUN,7
DECEPTIVE PRACTICE FINANCIAL IDENTITY THEFT $300 AND UNDER,4
THEFT RETAIL THEFT,3
MOTOR VEHICLE THEFT ATTEMPT - AUTOMOBILE,4
RITUALISM AGG RIT MUT: HANDS/FIST/FEET NO/MINOR INJURY,6
ASSAULT AGGRAVATED PROTECTED EMPLOYEE - OTHER DANGEROUS WEAPON,7
STOLEN PROPERTY OFFENSES STOLEN PROPERTY OFFENSES,4
ARSON POS: CHEMICAL/DRY-ICE DEVICE,8
BATTERY AGGRAVATED PROTECTED EMPLOYEE - HANDGUN,7
DECEPTIVE PRACTICE CREDIT CARD FRAUD,4
OTHER OFFENSE ARSONIST: DUTY TO REGISTER,5
CRIMINAL SEXUAL ASSAULT AGGRAVATED - OTHER DANGEROUS WEAPON,9
PUBLIC PEACE VIOLATION ARSON THREAT,7
INTERFERENCE WITH PUBLIC OFFICER AIDING ARRESTEE ESCAPE,5
PROSTITUTION SOLICIT FOR PROSTITUTE,2
THEFT OVER $300,4
NARCOTICS POSSESS - PCP,6
GAMBLING OFFENSES OPERATING/PROMOTING/ASSISTING GAMBLING,3
OTHER OFFENSE VIOLENT OFFENDER - ANNUAL REGISTRATION,7
NARCOTICS POSS: SYNTHETIC DRUGS,4
OTHER OFFENSE SEX OFFENDER - FAIL TO REGISTER,6
NARCOTICS ALTER / FORGE PRESCRIPTION,5
BATTERY AGGRAVATED OF AN UNBORN CHILD,7
PROSTITUTION IN TAVERN,2
KIDNAPPING UNLAWFUL INTERFERE/VISITATION,7
BATTERY AGGRAVATED OF A CHILD,8
NARCOTICS FORFEIT PROPERTY,3
NARCOTICS POSSESS - CRACK,6
SEX OFFENSES SEXUAL ASSAULT WITH AN OBJECT,9
GAMBLING BOLITA OR BOLI PUL/RUNNER,2
GAMBLING GAME / AMUSEMENT DEVICE,2
BATTERY AGGRAVATED PO: OTHER DANGEROUS WEAPON,7
BURGLARY UNLAWFUL ENTRY,5
NARCOTICS MANUFACTURE / DELIVER - BARBITURATES,5
BATTERY AGGRAVATED PROTECTED EMPLOYEE - OTHER DANGEROUS WEAPON,7
NARCOTICS POSSESS - CANNABIS MORE THAN 30 GRAMS,3
OFFENSE INVOLVING CHILDREN CHILD ABANDONMENT,6
SEX OFFENSE FORNICATION,2
NARCOTICS MANU/DELIVER: HEROIN (WHITE),7
BATTERY AGGRAVATED DOMESTIC BATTERY - HANDGUN,7
ROBBERY ROBBERY,6
OTHER OFFENSE COMPOUNDING A CRIME,3
LIQUOR LAW VIOLATION SELL/GIVE/DEL LIQUOR TO MINOR,3
INTERFERENCE WITH PUBLIC OFFICER REFUSING TO AID AN OFFICER,4
NARCOTICS SOLICIT NARCOTICS ON PUBLICWAY,4
SEX OFFENSE NON-CONSENSUAL DISSEMINATION OF PRIVATE SEXUAL IMAGES,5
ASSAULT AGGRAVATED POLICE OFFICER - HANDGUN,7
KIDNAPPING CHILD ABDUCTION/STRANGER,8
OTHER OFFENSE VIOLENT OFFENDER: ANNUAL REGISTRATION,6
OBSCENITY OBSCENE MATTER,3
NARCOTICS FAILURE TO KEEP HYPO RECORDS,3
LARCENY OFFENSES THEFT OF MOTOR VEHICLE PARTS OR ACCESSORIES,4
NARCOTICS POSSESS - HEROIN (WHITE),6
HUMAN TRAFFICKING COMMERCIAL SEX ACTS,9
ROBBERY ATTEMPT ARMED - HANDGUN,6
OTHER OFFENSE VIOLATE ORDER OF PROTECTION,6
DECEPTIVE PRACTICE STOLEN PROPERTY BUY / RECEIVE / POSSESS,4
ROBBERY ATTEMPT: ARMED-KNIFE/CUT INSTR,6
CRIMINAL SEXUAL ASSAULT AGGRAVATED - KNIFE / CUTTING INSTRUMENT,9
NARCOTICS POSSESS - BARBITURATES,5
CRIMINAL DAMAGE TO CITY OF CHICAGO PROPERTY,4
CRIMINAL SEXUAL ASSAULT ATTEMPT AGGRAVATED - KNIFE / CUTTING INSTRUMENT,9
OTHER OFFENSE SEX OFFENDER: FAIL TO REGISTER,6
BATTERY AGGRAVATED: HANDS / FIST / FEET NO / MINOR INJURY,5
OTHER OFFENSE VIO BAIL BOND: DOM VIOLENCE,6
INTERFERENCE WITH PUBLIC OFFICER ESCAPE,5
GAMBLING OTHER,2
OTHER OFFENSE INTERFERE W/ HIGHER EDUCATION,3
SEX OFFENSES STATUTORY RAPE,9
STALKING VIOLATION OF STALKING NO CONTACT ORDER,5
LARCENY OFFENSES PURSE-SNATCHING,4
INTERFERENCE WITH PUBLIC OFFICER OBSTRUCTING JUSTICE,5
NARCOTICS POSSESS - CANNABIS 30 GRAMS OR LESS,3
NON-CRIMINAL GUN OFFENDER NOTIFICATION-NO CONTACT,2
THEFT FROM COIN-OPERATED MACHINE OR DEVICE,3
INTIMIDATION EDUCATIONAL INTIMIDAITON,4
BATTERY AGGRAVATED PO: HANDGUN,7
PROSTITUTION OFFENSES PURCHASING PROSTITUTION,2
PUBLIC PEACE VIOLATION INTERFERE W/ EMERGENCY EQUIP,4
BATTERY AGGRAVATED PROTECTED EMPLOYEE - KNIFE / CUTTING INSTRUMENT,7
STALKING AGGRAVATED,6
NARCOTICS CONT SUBS:FAIL TO MAINT RECORD,3
BATTERY AGGRAVATED: HANDGUN,7
GAMBLING NATIONAL LOTTERY,2
THEFT $500 AND UNDER,3
NARCOTICS MANUFACTURE / DELIVER - HEROIN (WHITE),7
WEAPONS VIOLATION UNLAWFUL USE/SALE AIR RIFLE,4
ROBBERY ATTEMPT STRONG ARM: NO WEAPON,5
THEFT OVER $500,4
THEFT POCKET-PICKING,3
PUBLIC PEACE VIOLATION PUBLIC DEMONSTRATION,2
SEX OFFENSE INDECENT SOLICITATION/ADULT,4
MOTOR VEHICLE THEFT AUTOMOBILE,4
ROBBERY STRONGARM - NO WEAPON,5
LIQUOR LAW VIOLATION ILLEGAL CONSUMPTION BY MINOR,2
INTIMIDATION EXTORTION,6
NARCOTICS DELIVER CANNABIS TO PERSON UNDER 18,5
LARCENY OFFENSES POCKET-PICKING,3
OFFENSE INVOLVING CHILDREN CHILD ABDUCTION,7
INTERFERENCE WITH PUBLIC OFFICER INTERFERENCE JUDICIAL PROCESS,4
OFFENSE INVOLVING CHILDREN CONTRIBUTE CRIM DELINQUENCY JUVENILE,4
VANDALISM VANDALISM,3
"DECEPTIVE PRACTICE THEFT BY LESSEE, NON-MOTOR VEHICLE",4
OTHER OFFENSE SEX OFFENDER - PROHIBITED ZONE,6
ROBBERY ATTEMPT: ARMED-OTHER FIREARM,6
SEX OFFENSE INDECENT SOLICITATION/CHILD,7
CRIMINAL SEXUAL ASSAULT ATTEMPT AGGRAVATED - OTHER DANGEROUS WEAPON,9
NARCOTICS MANU/DELIVER:HEROIN(BLACK TAR),7
OFFENSE INVOLVING CHILDREN CHILD PORNOGRAPHY,8
NARCOTICS MANU/DEL:CANNABIS OVER 10 GMS,4
NARCOTICS POSS: AMPHETAMINES,5
"MOTOR VEHICLE THEFT ATTEMPT - TRUCK, BUS, MOTOR HOME",4
PROSTITUTION SOLICITING FOR A PROSTITUTE,2
SEX OFFENSE SEXUAL EXPLOITATION OF A CHILD,7
OTHER OFFENSE ANIMAL FIGHTING,5
WEAPONS VIOLATION UNLAWFUL USE - OTHER FIREARM,5
THEFT AGG: FINANCIAL ID THEFT,6
BATTERY AGGRAVATED: HANDS / FIST / FEET SERIOUS INJURY,7
ROBBERY ATTEMPT: ARMED-HANDGUN,6
OBSCENITY OBSCENITY,3
PROSTITUTION CAB OPERATION,2
WEAPONS VIOLATION DEFACE IDENTIFICATION MARKS OF FIREARM,6
DECEPTIVE PRACTICE UNAUTHORIZED VIDEOTAPING,3
RITUALISM AGG RITUAL MUT:OTH DANG WEAPON,6
DECEPTIVE PRACTICE UNIDENTIFIABLE RECORDING SOUND,3
CRIMINAL SEXUAL ASSAULT PREDATORY,9
ROBBERY ARMED - KNIFE / CUTTING INSTRUMENT,6
OFFENSE INVOLVING CHILDREN CONTRIBUTE TO THE CRIMINAL DELINQUENCY OF CHILD,5
"MOTOR VEHICLE THEFT ATT: TRUCK, BUS, MOTOR HOME",4
PUBLIC PEACE VIOLATION SELL/ADVERTISE FIREWORKS,3
LARCENY OFFENSES THEFT FROM BUILDING,3
WEAPON LAW VIOLATIONS WEAPONS LAW VIOLATIONS,5
OTHER OFFENSE TELEPHONE THREAT,4
ASSAULT AGG PRO.EMP: OTHER FIREARM,7
CRIMINAL SEXUAL ASSAULT AGGRAVATED - OTHER,9
ANIMAL CRUELTY OFFENSES ANIMAL CRUELTY,5
OTHER OFFENSE SEX OFFENDER - FAIL TO REGISTER NEW ADDRESS,6
NARCOTICS POSSESSION: SYNTHETIC MARIJUANA,4
THEFT FINANCIAL IDENTITY THEFT: $300 & UNDER,4
OTHER OFFENSE VIOLENT OFFENDER - FAIL TO REGISTER NEW ADDRESS,6
PUBLIC PEACE VIOLATION FALSE FIRE ALARM,3
"BATTERY AGG. PROTECTED EMPLOYEE - HANDS, FISTS, FEET, SERIOUS INJURY",7
SEX OFFENSE AGGRAVATED CRIMINAL SEXUAL ABUSE,8
BATTERY AGGRAVATED PO: KNIFE/CUT INSTR,7
OTHER OFFENSE TAMPER WITH MOTOR VEHICLE,4
NARCOTICS MANUFACTURE / DELIVER - LOOK-ALIKE DRUG,5
PUBLIC PEACE VIOLATION BOMB THREAT,7
CRIM SEXUAL ASSAULT AGGRAVATED: HANDGUN,9
OFFENSE INVOLVING CHILDREN CRIMINAL SEXUAL ABUSE BY FAMILY MEMBER,7
OTHER OFFENSE HARASSMENT BY ELECTRONIC MEANS,3
NARCOTICS POSS: CANNABIS MORE THAN 30GMS,3
ROBBERY AGGRAVATED,7
ROBBERY ATTEMPT ARMED - OTHER FIREARM,6
DECEPTIVE PRACTICE STOLEN PROP: BUY/RECEIVE/POS.,4
OTHER OFFENSE GUN OFFENDER: DUTY TO REGISTER,6
BATTERY DOMESTIC BATTERY SIMPLE,2
OTHER OFFENSE GUN OFFENDER - ANNUAL REGISTRATION,5
WEAPONS VIOLATION UNLAWFUL USE OTHER DANG WEAPON,5
ASSAULT AGGRAVATED POLICE OFFICER - KNIFE / CUTTING INSTRUMENT,8
INTERFERENCE WITH PUBLIC OFFICER CONCEALING/AIDING A FUGITIVE,4
SEX OFFENSE INDECENT SOLICITATION OF AN ADULT,4
ASSAULT AGGRAVATED: HANDGUN,7
NARCOTICS POSSESS - METHAMPHETAMINE,5
THEFT AGGRAVATED: FINANCIAL IDENTITY THEFT,6
ROBBERY ATTEMPT: AGGRAVATED,6
BATTERY AGGRAVATED OF A SENIOR CITIZEN,7
WEAPONS VIOLATION RECKLESS FIREARM DISCHARGE,6
PUBLIC PEACE VIOLATION INTERFERE WITH EMERGENCY EQUIPMENT,4
THEFT FINANCIAL IDENTITY THEFT: OVER $300,5
GAMBLING ILLEGAL ILL LOTTERY,2
OTHER OFFENSE ABUSE/NEGLECT: CARE FACILITY,4
DECEPTIVE PRACTICE EMBEZZLEMENT,4
NON-CRIMINAL LOST PASSPORT,1
NON-CRIMINAL NOTIFICATION OF STALKING - NO CONTACT ORDER,2
SEX OFFENSE BIGAMY,2
BATTERY AGGRAVATED: OTHER DANGEROUS WEAPON,6
BATTERY OF UNBORN CHILD,7
KIDNAPPING CHILD ABDUCTION / STRANGER,8
SEX OFFENSES INCEST,7
ROBBERY ATTEMPT STRONG ARM - NO WEAPON,5
DECEPTIVE PRACTICE THEFT OF LOST/MISLAID PROP,4
KIDNAPPING UNLAWFUL VISITATION INTERFERENCE,6
NARCOTICS FAILURE TO MAINTAIN RECORDS - CONTROLLED SUBSTANCES,3
DRUG/NARCOTIC OFFENSES DRUG EQUIPMENT VIOLATIONS,3
KIDNAPPING AGGRAVATED,9
NON-CRIMINAL FOUND PASSPORT,1
BATTERY AGG PRO EMP HANDS SERIOUS INJ,7
OTHER OFFENSE POSSESSION OF BURGLARY TOOLS,4
OTHER OFFENSE OTHER ARSON / EXPLOSIVE INCIDENT,7
NARCOTICS MANU/DELIVER:SYNTHETIC DRUGS,5
EXTORTION/BLACKMAIL EXTORTION/BLACKMAIL,6
OFFENSE INVOLVING CHILDREN POS: PORNOGRAPHIC PRINT,8
INTERFERENCE WITH PUBLIC OFFICER OBSTRUCTING SERVICE,4
HOMICIDE FIRST DEGREE MURDER,10
WEAPONS VIOLATION UNLAWFUL SALE - OTHER FIREARM,6
CRIMINAL SEXUAL ASSAULT ATTEMPT AGGRAVATED - HANDGUN,9
ROBBERY ARMED - OTHER DANGEROUS WEAPON,7
PROSTITUTION OFFENSES ASSISTING OR PROMOTING PROSTITUTION,3
NARCOTICS SOLICIT NARCOTICS ON PUBLIC WAY,4
PROSTITUTION OTHER PROSTITUTION OFFENSE,3
LIQUOR LAW VIOLATION MINOR MISREPRESENT AGE,2
DECEPTIVE PRACTICE AGGRAVATED COMPUTER TAMPERING,5
OBSCENITY SALE / DISTRIBUTE OBSCENE MATERIAL TO MINOR,4
NARCOTICS MANU/DEL:CANNABIS 10GM OR LESS,3
DECEPTIVE PRACTICE FORGERY,4
SEX OFFENSE PUBLIC INDECENCY,3
LARCENY OFFENSES THEFT FROM MOTOR VEHICLE,4
SEX OFFENSE ATTEMPT CRIMINAL SEXUAL ABUSE,6
"MOTOR VEHICLE THEFT THEFT/RECOVERY: TRUCK,BUS,MHOME",4
"MOTOR VEHICLE THEFT ATTEMPT: CYCLE, SCOOTER, BIKE NO VIN",4
CONCEALED CARRY LICENSE VIOLATION PROHIBITED PLACES,5
NARCOTICS MANUFACTURE / DELIVER - CANNABIS OVER 10 GRAMS,4
SEX OFFENSE ATT CRIM SEXUAL ABUSE,6
OFFENSE INVOLVING CHILDREN CHILD ABUSE,7
FRAUD OFFENSES HACKING/COMPUTER INVASION,4
NARCOTICS MANU/DELIVER:PCP,5
DECEPTIVE PRACTICE IMPERSONATION,3
NARCOTICS MANU/DELIVER:LOOK-ALIKE DRUG,5
OTHER OFFENSE EAVESDROPPING,2
